ds,sales,trend,month_sin,month_cos,split
1901-01-01,266.0,1,0.500000,0.866025,train
1901-02-01,145.9,2,0.866025,0.500000,train
1901-03-01,183.1,3,1.000000,0.000000,train
1901-04-01,119.3,4,0.866025,-0.500000,train
1901-05-01,180.3,5,0.500000,-0.866025,train
1901-06-01,168.5,6,0.000000,-1.000000,train
1901-07-01,231.8,7,-0.500000,-0.866025,train
1901-08-01,224.5,8,-0.866025,-0.500000,train
1901-09-01,192.8,9,-1.000000,0.000000,train
1901-10-01,122.9,10,-0.866025,0.500000,train
1901-11-01,336.5,11,-0.500000,0.866025,train
1901-12-01,185.9,12,0.000000,1.000000,train
1902-01-01,194.3,13,0.500000,0.866025,train
1902-02-01,149.5,14,0.866025,0.500000,train
1902-03-01,210.1,15,1.000000,0.000000,train
1902-04-01,273.3,16,0.866025,-0.500000,train
1902-05-01,191.4,17,0.500000,-0.866025,train
1902-06-01,287.0,18,0.000000,-1.000000,train
1902-07-01,226.0,19,-0.500000,-0.866025,train
1902-08-01,303.6,20,-0.866025,-0.500000,train
1902-09-01,289.9,21,-1.000000,0.000000,train
1902-10-01,421.6,22,-0.866025,0.500000,train
1902-11-01,264.5,23,-0.500000,0.866025,train
1902-12-01,342.3,24,0.000000,1.000000,train
1903-01-01,339.7,25,0.500000,0.866025,valid
1903-02-01,440.4,26,0.866025,0.500000,valid
1903-03-01,315.9,27,1.000000,0.000000,valid
1903-04-01,439.3,28,0.866025,-0.500000,valid
1903-05-01,401.3,29,0.500000,-0.866025,valid
1903-06-01,437.4,30,0.000000,-1.000000,valid
1903-07-01,575.5,31,-0.500000,-0.866025,test
1903-08-01,407.6,32,-0.866025,-0.500000,test
1903-09-01,682.0,33,-1.000000,0.000000,test
1903-10-01,475.3,34,-0.866025,0.500000,test
1903-11-01,581.3,35,-0.500000,0.866025,test
1903-12-01,646.9,36,0.000000,1.000000,test